dateTime,date,parameter,location,value,unit,city,attribution,hour,Latitude,Longitude
2020-04-15 16:00:00,2020-04-15,pm25,San Francisco,11.0,µg/m³,San Francisco-Oakland-Fremont,"US EPA AirNow, San Francisco Bay Area AQMD, http://www.airnow.gov/",16:00,37.7658,-122.3978
2020-04-15 17:00:00,2020-04-15,pm25,San Francisco,12.0,µg/m³,San Francisco-Oakland-Fremont,"US EPA AirNow, San Francisco Bay Area AQMD, http://www.airnow.gov/",17:00,37.7658,-122.3978
2020-04-15 18:00:00,2020-04-15,pm25,San Francisco,12.0,µg/m³,San Francisco-Oakland-Fremont,"US EPA AirNow, San Francisco Bay Area AQMD, http://www.airnow.gov/",18:00,37.7658,-122.3978
2020-04-15 19:00:00,2020-04-15,pm25,San Francisco,7.0,µg/m³,San Francisco-Oakland-Fremont,"US EPA AirNow, San Francisco Bay Area AQMD, http://www.airnow.gov/",19:00,37.7658,-122.3978
2020-04-15 20:00:00,2020-04-15,pm25,San Francisco,7.0,µg/m³,San Francisco-Oakland-Fremont,"US EPA AirNow, San Francisco Bay Area AQMD, http://www.airnow.gov/",20:00,37.7658,-122.3978
2020-04-15 21:00:00,2020-04-15,pm25,San Francisco,8.0,µg/m³,San Francisco-Oakland-Fremont,"US EPA AirNow, San Francisco Bay Area AQMD, http://www.airnow.gov/",21:00,37.7658,-122.3978
2020-04-15 22:00:00,2020-04-15,pm25,San Francisco,7.0,µg/m³,San Francisco-Oakland-Fremont,"US EPA AirNow, San Francisco Bay Area AQMD, http://www.airnow.gov/",22:00,37.7658,-122.3978
2020-04-15 23:00:00,2020-04-15,pm25,San Francisco,6.0,µg/m³,San Francisco-Oakland-Fremont,"US EPA AirNow, San Francisco Bay Area AQMD, http://www.airnow.gov/",23:00,37.7658,-122.3978
2020-04-16 00:00:00,2020-04-16,pm25,San Francisco,7.0,µg/m³,San Francisco-Oakland-Fremont,"US EPA AirNow, San Francisco Bay Area AQMD, http://www.airnow.gov/",00:00,37.7658,-122.3978
2020-04-16 01:00:00,2020-04-16,pm25,San Francisco,6.0,µg/m³,San Francisco-Oakland-Fremont,"US EPA AirNow, San Francisco Bay Area AQMD, http://www.airnow.gov/",01:00,37.7658,-122.3978
2020-04-16 02:00:00,2020-04-16,pm25,San Francisco,5.0,µg/m³,San Francisco-Oakland-Fremont,"US EPA AirNow, San Francisco Bay Area AQMD, http://www.airnow.gov/",02:00,37.7658,-122.3978
2020-04-16 03:00:00,2020-04-16,pm25,San Francisco,8.0,µg/m³,San Francisco-Oakland-Fremont,"US EPA AirNow, San Francisco Bay Area AQMD, http://www.airnow.gov/",03:00,37.7658,-122.3978
2020-04-16 04:00:00,2020-04-16,pm25,San Francisco,7.0,µg/m³,San Francisco-Oakland-Fremont,"US EPA AirNow, San Francisco Bay Area AQMD, http://www.airnow.gov/",04:00,37.7658,-122.3978
2020-04-16 05:00:00,2020-04-16,pm25,San Francisco,6.0,µg/m³,San Francisco-Oakland-Fremont,"US EPA AirNow, San Francisco Bay Area AQMD, http://www.airnow.gov/",05:00,37.7658,-122.3978
2020-04-16 06:00:00,2020-04-16,pm25,San Francisco,6.0,µg/m³,San Francisco-Oakland-Fremont,"US EPA AirNow, San Francisco Bay Area AQMD, http://www.airnow.gov/",06:00,37.7658,-122.3978
2020-04-16 07:00:00,2020-04-16,pm25,San Francisco,4.0,µg/m³,San Francisco-Oakland-Fremont,"US EPA AirNow, San Francisco Bay Area AQMD, http://www.airnow.gov/",07:00,37.7658,-122.3978
2020-04-16 08:00:00,2020-04-16,pm25,San Francisco,4.0,µg/m³,San Francisco-Oakland-Fremont,"US EPA AirNow, San Francisco Bay Area AQMD, http://www.airnow.gov/",08:00,37.7658,-122.3978
2020-04-16 09:00:00,2020-04-16,pm25,San Francisco,4.0,µg/m³,San Francisco-Oakland-Fremont,"US EPA AirNow, San Francisco Bay Area AQMD, http://www.airnow.gov/",09:00,37.7658,-122.3978
2020-04-16 10:00:00,2020-04-16,pm25,San Francisco,5.0,µg/m³,San Francisco-Oakland-Fremont,"US EPA AirNow, San Francisco Bay Area AQMD, http://www.airnow.gov/",10:00,37.7658,-122.3978
2020-04-16 11:00:00,2020-04-16,pm25,San Francisco,6.0,µg/m³,San Francisco-Oakland-Fremont,"US EPA AirNow, San Francisco Bay Area AQMD, http://www.airnow.gov/",11:00,37.7658,-122.3978
2020-04-16 13:00:00,2020-04-16,pm25,San Francisco,9.0,µg/m³,San Francisco-Oakland-Fremont,"US EPA AirNow, San Francisco Bay Area AQMD, http://www.airnow.gov/",13:00,37.7658,-122.3978
2020-04-16 14:00:00,2020-04-16,pm25,San Francisco,6.0,µg/m³,San Francisco-Oakland-Fremont,"US EPA AirNow, San Francisco Bay Area AQMD, http://www.airnow.gov/",14:00,37.7658,-122.3978
2020-04-16 15:00:00,2020-04-16,pm25,San Francisco,3.0,µg/m³,San Francisco-Oakland-Fremont,"US EPA AirNow, San Francisco Bay Area AQMD, http://www.airnow.gov/",15:00,37.7658,-122.3978
2020-04-16 16:00:00,2020-04-16,pm25,San Francisco,1.0,µg/m³,San Francisco-Oakland-Fremont,"US EPA AirNow, San Francisco Bay Area AQMD, http://www.airnow.gov/",16:00,37.7658,-122.3978
2020-04-16 17:00:00,2020-04-16,pm25,San Francisco,2.0,µg/m³,San Francisco-Oakland-Fremont,"US EPA AirNow, San Francisco Bay Area AQMD, http://www.airnow.gov/",17:00,37.7658,-122.3978
2020-04-16 18:00:00,2020-04-16,pm25,San Francisco,4.0,µg/m³,San Francisco-Oakland-Fremont,"US EPA AirNow, San Francisco Bay Area AQMD, http://www.airnow.gov/",18:00,37.7658,-122.3978
2020-04-16 19:00:00,2020-04-16,pm25,San Francisco,3.0,µg/m³,San Francisco-Oakland-Fremont,"US EPA AirNow, San Francisco Bay Area AQMD, http://www.airnow.gov/",19:00,37.7658,-122.3978
2020-04-16 20:00:00,2020-04-16,pm25,San Francisco,3.0,µg/m³,San Francisco-Oakland-Fremont,"US EPA AirNow, San Francisco Bay Area AQMD, http://www.airnow.gov/",20:00,37.7658,-122.3978
2020-04-16 21:00:00,2020-04-16,pm25,San Francisco,4.0,µg/m³,San Francisco-Oakland-Fremont,"US EPA AirNow, San Francisco Bay Area AQMD, http://www.airnow.gov/",21:00,37.7658,-122.3978
2020-04-16 22:00:00,2020-04-16,pm25,San Francisco,3.0,µg/m³,San Francisco-Oakland-Fremont,"US EPA AirNow, San Francisco Bay Area AQMD, http://www.airnow.gov/",22:00,37.7658,-122.3978
2020-04-16 23:00:00,2020-04-16,pm25,San Francisco,1.0,µg/m³,San Francisco-Oakland-Fremont,"US EPA AirNow, San Francisco Bay Area AQMD, http://www.airnow.gov/",23:00,37.7658,-122.3978
2020-04-17 00:00:00,2020-04-17,pm25,San Francisco,1.0,µg/m³,San Francisco-Oakland-Fremont,"US EPA AirNow, San Francisco Bay Area AQMD, http://www.airnow.gov/",00:00,37.7658,-122.3978
2020-04-17 01:00:00,2020-04-17,pm25,San Francisco,5.0,µg/m³,San Francisco-Oakland-Fremont,"US EPA AirNow, San Francisco Bay Area AQMD, http://www.airnow.gov/",01:00,37.7658,-122.3978
2020-04-17 02:00:00,2020-04-17,pm25,San Francisco,5.0,µg/m³,San Francisco-Oakland-Fremont,"US EPA AirNow, San Francisco Bay Area AQMD, http://www.airnow.gov/",02:00,37.7658,-122.3978
2020-04-17 03:00:00,2020-04-17,pm25,San Francisco,6.0,µg/m³,San Francisco-Oakland-Fremont,"US EPA AirNow, San Francisco Bay Area AQMD, http://www.airnow.gov/",03:00,37.7658,-122.3978
2020-04-17 04:00:00,2020-04-17,pm25,San Francisco,4.0,µg/m³,San Francisco-Oakland-Fremont,"US EPA AirNow, San Francisco Bay Area AQMD, http://www.airnow.gov/",04:00,37.7658,-122.3978
2020-04-17 05:00:00,2020-04-17,pm25,San Francisco,3.0,µg/m³,San Francisco-Oakland-Fremont,"US EPA AirNow, San Francisco Bay Area AQMD, http://www.airnow.gov/",05:00,37.7658,-122.3978
2020-04-17 06:00:00,2020-04-17,pm25,San Francisco,7.0,µg/m³,San Francisco-Oakland-Fremont,"US EPA AirNow, San Francisco Bay Area AQMD, http://www.airnow.gov/",06:00,37.7658,-122.3978
2020-04-17 07:00:00,2020-04-17,pm25,San Francisco,7.0,µg/m³,San Francisco-Oakland-Fremont,"US EPA AirNow, San Francisco Bay Area AQMD, http://www.airnow.gov/",07:00,37.7658,-122.3978
2020-04-17 08:00:00,2020-04-17,pm25,San Francisco,8.0,µg/m³,San Francisco-Oakland-Fremont,"US EPA AirNow, San Francisco Bay Area AQMD, http://www.airnow.gov/",08:00,37.7658,-122.3978
2020-04-17 09:00:00,2020-04-17,pm25,San Francisco,7.0,µg/m³,San Francisco-Oakland-Fremont,"US EPA AirNow, San Francisco Bay Area AQMD, http://www.airnow.gov/",09:00,37.7658,-122.3978
2020-04-17 10:00:00,2020-04-17,pm25,San Francisco,6.0,µg/m³,San Francisco-Oakland-Fremont,"US EPA AirNow, San Francisco Bay Area AQMD, http://www.airnow.gov/",10:00,37.7658,-122.3978
2020-04-17 11:00:00,2020-04-17,pm25,San Francisco,5.0,µg/m³,San Francisco-Oakland-Fremont,"US EPA AirNow, San Francisco Bay Area AQMD, http://www.airnow.gov/",11:00,37.7658,-122.3978
2020-04-17 12:00:00,2020-04-17,pm25,San Francisco,11.0,µg/m³,San Francisco-Oakland-Fremont,"US EPA AirNow, San Francisco Bay Area AQMD, http://www.airnow.gov/",12:00,37.7658,-122.3978
2020-04-17 13:00:00,2020-04-17,pm25,San Francisco,10.0,µg/m³,San Francisco-Oakland-Fremont,"US EPA AirNow, San Francisco Bay Area AQMD, http://www.airnow.gov/",13:00,37.7658,-122.3978
2020-04-17 14:00:00,2020-04-17,pm25,San Francisco,10.0,µg/m³,San Francisco-Oakland-Fremont,"US EPA AirNow, San Francisco Bay Area AQMD, http://www.airnow.gov/",14:00,37.7658,-122.3978
2020-04-17 15:00:00,2020-04-17,pm25,San Francisco,9.0,µg/m³,San Francisco-Oakland-Fremont,"US EPA AirNow, San Francisco Bay Area AQMD, http://www.airnow.gov/",15:00,37.7658,-122.3978
2020-04-17 16:00:00,2020-04-17,pm25,San Francisco,6.0,µg/m³,San Francisco-Oakland-Fremont,"US EPA AirNow, San Francisco Bay Area AQMD, http://www.airnow.gov/",16:00,37.7658,-122.3978
2020-04-17 17:00:00,2020-04-17,pm25,San Francisco,7.0,µg/m³,San Francisco-Oakland-Fremont,"US EPA AirNow, San Francisco Bay Area AQMD, http://www.airnow.gov/",17:00,37.7658,-122.3978
2020-04-17 18:00:00,2020-04-17,pm25,San Francisco,6.0,µg/m³,San Francisco-Oakland-Fremont,"US EPA AirNow, San Francisco Bay Area AQMD, http://www.airnow.gov/",18:00,37.7658,-122.3978
2020-04-17 19:00:00,2020-04-17,pm25,San Francisco,12.0,µg/m³,San Francisco-Oakland-Fremont,"US EPA AirNow, San Francisco Bay Area AQMD, http://www.airnow.gov/",19:00,37.7658,-122.3978
2020-04-17 20:00:00,2020-04-17,pm25,San Francisco,11.0,µg/m³,San Francisco-Oakland-Fremont,"US EPA AirNow, San Francisco Bay Area AQMD, http://www.airnow.gov/",20:00,37.7658,-122.3978
2020-04-17 21:00:00,2020-04-17,pm25,San Francisco,9.0,µg/m³,San Francisco-Oakland-Fremont,"US EPA AirNow, San Francisco Bay Area AQMD, http://www.airnow.gov/",21:00,37.7658,-122.3978
2020-04-17 22:00:00,2020-04-17,pm25,San Francisco,5.0,µg/m³,San Francisco-Oakland-Fremont,"US EPA AirNow, San Francisco Bay Area AQMD, http://www.airnow.gov/",22:00,37.7658,-122.3978
2020-04-17 23:00:00,2020-04-17,pm25,San Francisco,8.0,µg/m³,San Francisco-Oakland-Fremont,"US EPA AirNow, San Francisco Bay Area AQMD, http://www.airnow.gov/",23:00,37.7658,-122.3978
2020-04-18 00:00:00,2020-04-18,pm25,San Francisco,5.0,µg/m³,San Francisco-Oakland-Fremont,"US EPA AirNow, San Francisco Bay Area AQMD, http://www.airnow.gov/",00:00,37.7658,-122.3978
2020-04-18 03:00:00,2020-04-18,pm25,San Francisco,5.0,µg/m³,San Francisco-Oakland-Fremont,"US EPA AirNow, San Francisco Bay Area AQMD, http://www.airnow.gov/",03:00,37.7658,-122.3978
2020-04-18 04:00:00,2020-04-18,pm25,San Francisco,8.0,µg/m³,San Francisco-Oakland-Fremont,"US EPA AirNow, San Francisco Bay Area AQMD, http://www.airnow.gov/",04:00,37.7658,-122.3978
2020-04-18 05:00:00,2020-04-18,pm25,San Francisco,7.0,µg/m³,San Francisco-Oakland-Fremont,"US EPA AirNow, San Francisco Bay Area AQMD, http://www.airnow.gov/",05:00,37.7658,-122.3978
2020-04-18 06:00:00,2020-04-18,pm25,San Francisco,7.0,µg/m³,San Francisco-Oakland-Fremont,"US EPA AirNow, San Francisco Bay Area AQMD, http://www.airnow.gov/",06:00,37.7658,-122.3978
2020-04-18 07:00:00,2020-04-18,pm25,San Francisco,4.0,µg/m³,San Francisco-Oakland-Fremont,"US EPA AirNow, San Francisco Bay Area AQMD, http://www.airnow.gov/",07:00,37.7658,-122.3978
2020-04-18 08:00:00,2020-04-18,pm25,San Francisco,5.0,µg/m³,San Francisco-Oakland-Fremont,"US EPA AirNow, San Francisco Bay Area AQMD, http://www.airnow.gov/",08:00,37.7658,-122.3978
2020-04-18 09:00:00,2020-04-18,pm25,San Francisco,8.0,µg/m³,San Francisco-Oakland-Fremont,"US EPA AirNow, San Francisco Bay Area AQMD, http://www.airnow.gov/",09:00,37.7658,-122.3978
2020-04-18 10:00:00,2020-04-18,pm25,San Francisco,5.0,µg/m³,San Francisco-Oakland-Fremont,"US EPA AirNow, San Francisco Bay Area AQMD, http://www.airnow.gov/",10:00,37.7658,-122.3978
2020-04-18 11:00:00,2020-04-18,pm25,San Francisco,4.0,µg/m³,San Francisco-Oakland-Fremont,"US EPA AirNow, San Francisco Bay Area AQMD, http://www.airnow.gov/",11:00,37.7658,-122.3978
2020-04-18 12:00:00,2020-04-18,pm25,San Francisco,7.0,µg/m³,San Francisco-Oakland-Fremont,"US EPA AirNow, San Francisco Bay Area AQMD, http://www.airnow.gov/",12:00,37.7658,-122.3978
2020-04-18 13:00:00,2020-04-18,pm25,San Francisco,4.0,µg/m³,San Francisco-Oakland-Fremont,"US EPA AirNow, San Francisco Bay Area AQMD, http://www.airnow.gov/",13:00,37.7658,-122.3978
2020-04-18 14:00:00,2020-04-18,pm25,San Francisco,4.0,µg/m³,San Francisco-Oakland-Fremont,"US EPA AirNow, San Francisco Bay Area AQMD, http://www.airnow.gov/",14:00,37.7658,-122.3978
2020-04-18 15:00:00,2020-04-18,pm25,San Francisco,6.0,µg/m³,San Francisco-Oakland-Fremont,"US EPA AirNow, San Francisco Bay Area AQMD, http://www.airnow.gov/",15:00,37.7658,-122.3978
2020-04-18 16:00:00,2020-04-18,pm25,San Francisco,6.0,µg/m³,San Francisco-Oakland-Fremont,"US EPA AirNow, San Francisco Bay Area AQMD, http://www.airnow.gov/",16:00,37.7658,-122.3978
2020-04-18 17:00:00,2020-04-18,pm25,San Francisco,6.0,µg/m³,San Francisco-Oakland-Fremont,"US EPA AirNow, San Francisco Bay Area AQMD, http://www.airnow.gov/",17:00,37.7658,-122.3978
2020-04-18 18:00:00,2020-04-18,pm25,San Francisco,5.0,µg/m³,San Francisco-Oakland-Fremont,"US EPA AirNow, San Francisco Bay Area AQMD, http://www.airnow.gov/",18:00,37.7658,-122.3978
2020-04-18 19:00:00,2020-04-18,pm25,San Francisco,6.0,µg/m³,San Francisco-Oakland-Fremont,"US EPA AirNow, San Francisco Bay Area AQMD, http://www.airnow.gov/",19:00,37.7658,-122.3978
2020-04-18 20:00:00,2020-04-18,pm25,San Francisco,6.0,µg/m³,San Francisco-Oakland-Fremont,"US EPA AirNow, San Francisco Bay Area AQMD, http://www.airnow.gov/",20:00,37.7658,-122.3978
2020-04-18 21:00:00,2020-04-18,pm25,San Francisco,4.0,µg/m³,San Francisco-Oakland-Fremont,"US EPA AirNow, San Francisco Bay Area AQMD, http://www.airnow.gov/",21:00,37.7658,-122.3978
2020-04-18 22:00:00,2020-04-18,pm25,San Francisco,4.0,µg/m³,San Francisco-Oakland-Fremont,"US EPA AirNow, San Francisco Bay Area AQMD, http://www.airnow.gov/",22:00,37.7658,-122.3978
2020-04-18 23:00:00,2020-04-18,pm25,San Francisco,6.0,µg/m³,San Francisco-Oakland-Fremont,"US EPA AirNow, San Francisco Bay Area AQMD, http://www.airnow.gov/",23:00,37.7658,-122.3978
2020-04-19 00:00:00,2020-04-19,pm25,San Francisco,6.0,µg/m³,San Francisco-Oakland-Fremont,"US EPA AirNow, San Francisco Bay Area AQMD, http://www.airnow.gov/",00:00,37.7658,-122.3978
2020-04-19 04:00:00,2020-04-19,pm25,San Francisco,5.0,µg/m³,San Francisco-Oakland-Fremont,"US EPA AirNow, San Francisco Bay Area AQMD, http://www.airnow.gov/",04:00,37.7658,-122.3978
2020-04-19 05:00:00,2020-04-19,pm25,San Francisco,4.0,µg/m³,San Francisco-Oakland-Fremont,"US EPA AirNow, San Francisco Bay Area AQMD, http://www.airnow.gov/",05:00,37.7658,-122.3978
2020-04-19 06:00:00,2020-04-19,pm25,San Francisco,5.0,µg/m³,San Francisco-Oakland-Fremont,"US EPA AirNow, San Francisco Bay Area AQMD, http://www.airnow.gov/",06:00,37.7658,-122.3978
2020-04-19 07:00:00,2020-04-19,pm25,San Francisco,5.0,µg/m³,San Francisco-Oakland-Fremont,"US EPA AirNow, San Francisco Bay Area AQMD, http://www.airnow.gov/",07:00,37.7658,-122.3978
2020-04-19 08:00:00,2020-04-19,pm25,San Francisco,6.0,µg/m³,San Francisco-Oakland-Fremont,"US EPA AirNow, San Francisco Bay Area AQMD, http://www.airnow.gov/",08:00,37.7658,-122.3978
2020-04-19 09:00:00,2020-04-19,pm25,San Francisco,6.0,µg/m³,San Francisco-Oakland-Fremont,"US EPA AirNow, San Francisco Bay Area AQMD, http://www.airnow.gov/",09:00,37.7658,-122.3978
2020-04-19 10:00:00,2020-04-19,pm25,San Francisco,8.0,µg/m³,San Francisco-Oakland-Fremont,"US EPA AirNow, San Francisco Bay Area AQMD, http://www.airnow.gov/",10:00,37.7658,-122.3978
2020-04-19 11:00:00,2020-04-19,pm25,San Francisco,7.0,µg/m³,San Francisco-Oakland-Fremont,"US EPA AirNow, San Francisco Bay Area AQMD, http://www.airnow.gov/",11:00,37.7658,-122.3978
2020-04-19 12:00:00,2020-04-19,pm25,San Francisco,3.0,µg/m³,San Francisco-Oakland-Fremont,"US EPA AirNow, San Francisco Bay Area AQMD, http://www.airnow.gov/",12:00,37.7658,-122.3978
2020-04-19 13:00:00,2020-04-19,pm25,San Francisco,3.0,µg/m³,San Francisco-Oakland-Fremont,"US EPA AirNow, San Francisco Bay Area AQMD, http://www.airnow.gov/",13:00,37.7658,-122.3978
2020-04-19 14:00:00,2020-04-19,pm25,San Francisco,5.0,µg/m³,San Francisco-Oakland-Fremont,"US EPA AirNow, San Francisco Bay Area AQMD, http://www.airnow.gov/",14:00,37.7658,-122.3978
2020-04-19 15:00:00,2020-04-19,pm25,San Francisco,8.0,µg/m³,San Francisco-Oakland-Fremont,"US EPA AirNow, San Francisco Bay Area AQMD, http://www.airnow.gov/",15:00,37.7658,-122.3978
2020-04-19 16:00:00,2020-04-19,pm25,San Francisco,6.0,µg/m³,San Francisco-Oakland-Fremont,"US EPA AirNow, San Francisco Bay Area AQMD, http://www.airnow.gov/",16:00,37.7658,-122.3978
2020-04-19 17:00:00,2020-04-19,pm25,San Francisco,4.0,µg/m³,San Francisco-Oakland-Fremont,"US EPA AirNow, San Francisco Bay Area AQMD, http://www.airnow.gov/",17:00,37.7658,-122.3978
2020-04-19 18:00:00,2020-04-19,pm25,San Francisco,4.0,µg/m³,San Francisco-Oakland-Fremont,"US EPA AirNow, San Francisco Bay Area AQMD, http://www.airnow.gov/",18:00,37.7658,-122.3978
2020-04-19 19:00:00,2020-04-19,pm25,San Francisco,5.0,µg/m³,San Francisco-Oakland-Fremont,"US EPA AirNow, San Francisco Bay Area AQMD, http://www.airnow.gov/",19:00,37.7658,-122.3978
2020-04-19 20:00:00,2020-04-19,pm25,San Francisco,5.0,µg/m³,San Francisco-Oakland-Fremont,"US EPA AirNow, San Francisco Bay Area AQMD, http://www.airnow.gov/",20:00,37.7658,-122.3978
2020-04-19 21:00:00,2020-04-19,pm25,San Francisco,3.0,µg/m³,San Francisco-Oakland-Fremont,"US EPA AirNow, San Francisco Bay Area AQMD, http://www.airnow.gov/",21:00,37.7658,-122.3978
2020-04-19 22:00:00,2020-04-19,pm25,San Francisco,2.0,µg/m³,San Francisco-Oakland-Fremont,"US EPA AirNow, San Francisco Bay Area AQMD, http://www.airnow.gov/",22:00,37.7658,-122.3978
2020-04-19 23:00:00,2020-04-19,pm25,San Francisco,1.0,µg/m³,San Francisco-Oakland-Fremont,"US EPA AirNow, San Francisco Bay Area AQMD, http://www.airnow.gov/",23:00,37.7658,-122.3978
2020-04-20 00:00:00,2020-04-20,pm25,San Francisco,2.0,µg/m³,San Francisco-Oakland-Fremont,"US EPA AirNow, San Francisco Bay Area AQMD, http://www.airnow.gov/",00:00,37.7658,-122.3978
2020-04-20 03:00:00,2020-04-20,pm25,San Francisco,6.0,µg/m³,San Francisco-Oakland-Fremont,"US EPA AirNow, San Francisco Bay Area AQMD, http://www.airnow.gov/",03:00,37.7658,-122.3978
2020-04-20 04:00:00,2020-04-20,pm25,San Francisco,8.0,µg/m³,San Francisco-Oakland-Fremont,"US EPA AirNow, San Francisco Bay Area AQMD, http://www.airnow.gov/",04:00,37.7658,-122.3978
2020-04-20 05:00:00,2020-04-20,pm25,San Francisco,6.0,µg/m³,San Francisco-Oakland-Fremont,"US EPA AirNow, San Francisco Bay Area AQMD, http://www.airnow.gov/",05:00,37.7658,-122.3978
2020-04-20 06:00:00,2020-04-20,pm25,San Francisco,10.0,µg/m³,San Francisco-Oakland-Fremont,"US EPA AirNow, San Francisco Bay Area AQMD, http://www.airnow.gov/",06:00,37.7658,-122.3978
2020-04-20 07:00:00,2020-04-20,pm25,San Francisco,8.0,µg/m³,San Francisco-Oakland-Fremont,"US EPA AirNow, San Francisco Bay Area AQMD, http://www.airnow.gov/",07:00,37.7658,-122.3978
2020-04-20 08:00:00,2020-04-20,pm25,San Francisco,9.0,µg/m³,San Francisco-Oakland-Fremont,"US EPA AirNow, San Francisco Bay Area AQMD, http://www.airnow.gov/",08:00,37.7658,-122.3978
2020-04-20 09:00:00,2020-04-20,pm25,San Francisco,6.0,µg/m³,San Francisco-Oakland-Fremont,"US EPA AirNow, San Francisco Bay Area AQMD, http://www.airnow.gov/",09:00,37.7658,-122.3978
2020-04-20 10:00:00,2020-04-20,pm25,San Francisco,8.0,µg/m³,San Francisco-Oakland-Fremont,"US EPA AirNow, San Francisco Bay Area AQMD, http://www.airnow.gov/",10:00,37.7658,-122.3978
2020-04-20 11:00:00,2020-04-20,pm25,San Francisco,8.0,µg/m³,San Francisco-Oakland-Fremont,"US EPA AirNow, San Francisco Bay Area AQMD, http://www.airnow.gov/",11:00,37.7658,-122.3978
2020-04-20 12:00:00,2020-04-20,pm25,San Francisco,6.0,µg/m³,San Francisco-Oakland-Fremont,"US EPA AirNow, San Francisco Bay Area AQMD, http://www.airnow.gov/",12:00,37.7658,-122.3978
2020-04-20 13:00:00,2020-04-20,pm25,San Francisco,5.0,µg/m³,San Francisco-Oakland-Fremont,"US EPA AirNow, San Francisco Bay Area AQMD, http://www.airnow.gov/",13:00,37.7658,-122.3978
2020-04-20 14:00:00,2020-04-20,pm25,San Francisco,6.0,µg/m³,San Francisco-Oakland-Fremont,"US EPA AirNow, San Francisco Bay Area AQMD, http://www.airnow.gov/",14:00,37.7658,-122.3978
2020-04-20 15:00:00,2020-04-20,pm25,San Francisco,6.0,µg/m³,San Francisco-Oakland-Fremont,"US EPA AirNow, San Francisco Bay Area AQMD, http://www.airnow.gov/",15:00,37.7658,-122.3978
2020-04-20 16:00:00,2020-04-20,pm25,San Francisco,3.0,µg/m³,San Francisco-Oakland-Fremont,"US EPA AirNow, San Francisco Bay Area AQMD, http://www.airnow.gov/",16:00,37.7658,-122.3978
2020-04-20 17:00:00,2020-04-20,pm25,San Francisco,3.0,µg/m³,San Francisco-Oakland-Fremont,"US EPA AirNow, San Francisco Bay Area AQMD, http://www.airnow.gov/",17:00,37.7658,-122.3978
2020-04-20 18:00:00,2020-04-20,pm25,San Francisco,2.0,µg/m³,San Francisco-Oakland-Fremont,"US EPA AirNow, San Francisco Bay Area AQMD, http://www.airnow.gov/",18:00,37.7658,-122.3978
2020-04-20 20:00:00,2020-04-20,pm25,San Francisco,3.0,µg/m³,San Francisco-Oakland-Fremont,"US EPA AirNow, San Francisco Bay Area AQMD, http://www.airnow.gov/",20:00,37.7658,-122.3978
2020-04-20 21:00:00,2020-04-20,pm25,San Francisco,3.0,µg/m³,San Francisco-Oakland-Fremont,"US EPA AirNow, San Francisco Bay Area AQMD, http://www.airnow.gov/",21:00,37.7658,-122.3978
2020-04-20 22:00:00,2020-04-20,pm25,San Francisco,3.0,µg/m³,San Francisco-Oakland-Fremont,"US EPA AirNow, San Francisco Bay Area AQMD, http://www.airnow.gov/",22:00,37.7658,-122.3978
2020-04-20 23:00:00,2020-04-20,pm25,San Francisco,2.0,µg/m³,San Francisco-Oakland-Fremont,"US EPA AirNow, San Francisco Bay Area AQMD, http://www.airnow.gov/",23:00,37.7658,-122.3978
2020-04-21 00:00:00,2020-04-21,pm25,San Francisco,3.0,µg/m³,San Francisco-Oakland-Fremont,"US EPA AirNow, San Francisco Bay Area AQMD, http://www.airnow.gov/",00:00,37.7658,-122.3978
2020-04-21 01:00:00,2020-04-21,pm25,San Francisco,3.0,µg/m³,San Francisco-Oakland-Fremont,"US EPA AirNow, San Francisco Bay Area AQMD, http://www.airnow.gov/",01:00,37.7658,-122.3978
2020-04-21 02:00:00,2020-04-21,pm25,San Francisco,3.0,µg/m³,San Francisco-Oakland-Fremont,"US EPA AirNow, San Francisco Bay Area AQMD, http://www.airnow.gov/",02:00,37.7658,-122.3978
2020-04-21 03:00:00,2020-04-21,pm25,San Francisco,2.0,µg/m³,San Francisco-Oakland-Fremont,"US EPA AirNow, San Francisco Bay Area AQMD, http://www.airnow.gov/",03:00,37.7658,-122.3978
2020-04-21 04:00:00,2020-04-21,pm25,San Francisco,4.0,µg/m³,San Francisco-Oakland-Fremont,"US EPA AirNow, San Francisco Bay Area AQMD, http://www.airnow.gov/",04:00,37.7658,-122.3978
2020-04-21 05:00:00,2020-04-21,pm25,San Francisco,5.0,µg/m³,San Francisco-Oakland-Fremont,"US EPA AirNow, San Francisco Bay Area AQMD, http://www.airnow.gov/",05:00,37.7658,-122.3978
2020-04-21 06:00:00,2020-04-21,pm25,San Francisco,4.0,µg/m³,San Francisco-Oakland-Fremont,"US EPA AirNow, San Francisco Bay Area AQMD, http://www.airnow.gov/",06:00,37.7658,-122.3978
2020-04-21 07:00:00,2020-04-21,pm25,San Francisco,6.0,µg/m³,San Francisco-Oakland-Fremont,"US EPA AirNow, San Francisco Bay Area AQMD, http://www.airnow.gov/",07:00,37.7658,-122.3978
2020-04-21 08:00:00,2020-04-21,pm25,San Francisco,5.0,µg/m³,San Francisco-Oakland-Fremont,"US EPA AirNow, San Francisco Bay Area AQMD, http://www.airnow.gov/",08:00,37.7658,-122.3978
2020-04-21 09:00:00,2020-04-21,pm25,San Francisco,8.0,µg/m³,San Francisco-Oakland-Fremont,"US EPA AirNow, San Francisco Bay Area AQMD, http://www.airnow.gov/",09:00,37.7658,-122.3978
2020-04-21 11:00:00,2020-04-21,pm25,San Francisco,7.0,µg/m³,San Francisco-Oakland-Fremont,"US EPA AirNow, San Francisco Bay Area AQMD, http://www.airnow.gov/",11:00,37.7658,-122.3978
2020-04-21 12:00:00,2020-04-21,pm25,San Francisco,6.0,µg/m³,San Francisco-Oakland-Fremont,"US EPA AirNow, San Francisco Bay Area AQMD, http://www.airnow.gov/",12:00,37.7658,-122.3978
2020-04-21 13:00:00,2020-04-21,pm25,San Francisco,9.0,µg/m³,San Francisco-Oakland-Fremont,"US EPA AirNow, San Francisco Bay Area AQMD, http://www.airnow.gov/",13:00,37.7658,-122.3978
2020-04-21 14:00:00,2020-04-21,pm25,San Francisco,8.0,µg/m³,San Francisco-Oakland-Fremont,"US EPA AirNow, San Francisco Bay Area AQMD, http://www.airnow.gov/",14:00,37.7658,-122.3978
2020-04-21 15:00:00,2020-04-21,pm25,San Francisco,6.0,µg/m³,San Francisco-Oakland-Fremont,"US EPA AirNow, San Francisco Bay Area AQMD, http://www.airnow.gov/",15:00,37.7658,-122.3978
2020-04-21 17:00:00,2020-04-21,pm25,San Francisco,7.0,µg/m³,San Francisco-Oakland-Fremont,"US EPA AirNow, San Francisco Bay Area AQMD, http://www.airnow.gov/",17:00,37.7658,-122.3978
2020-04-21 18:00:00,2020-04-21,pm25,San Francisco,5.0,µg/m³,San Francisco-Oakland-Fremont,"US EPA AirNow, San Francisco Bay Area AQMD, http://www.airnow.gov/",18:00,37.7658,-122.3978
2020-04-21 19:00:00,2020-04-21,pm25,San Francisco,7.0,µg/m³,San Francisco-Oakland-Fremont,"US EPA AirNow, San Francisco Bay Area AQMD, http://www.airnow.gov/",19:00,37.7658,-122.3978
2020-04-21 20:00:00,2020-04-21,pm25,San Francisco,6.0,µg/m³,San Francisco-Oakland-Fremont,"US EPA AirNow, San Francisco Bay Area AQMD, http://www.airnow.gov/",20:00,37.7658,-122.3978
2020-04-21 21:00:00,2020-04-21,pm25,San Francisco,9.0,µg/m³,San Francisco-Oakland-Fremont,"US EPA AirNow, San Francisco Bay Area AQMD, http://www.airnow.gov/",21:00,37.7658,-122.3978
2020-04-21 22:00:00,2020-04-21,pm25,San Francisco,10.0,µg/m³,San Francisco-Oakland-Fremont,"US EPA AirNow, San Francisco Bay Area AQMD, http://www.airnow.gov/",22:00,37.7658,-122.3978
2020-04-21 23:00:00,2020-04-21,pm25,San Francisco,20.0,µg/m³,San Francisco-Oakland-Fremont,"US EPA AirNow, San Francisco Bay Area AQMD, http://www.airnow.gov/",23:00,37.7658,-122.3978
2020-04-22 00:00:00,2020-04-22,pm25,San Francisco,3.0,µg/m³,San Francisco-Oakland-Fremont,"US EPA AirNow, San Francisco Bay Area AQMD, http://www.airnow.gov/",00:00,37.7658,-122.3978
2020-04-22 01:00:00,2020-04-22,pm25,San Francisco,3.0,µg/m³,San Francisco-Oakland-Fremont,"US EPA AirNow, San Francisco Bay Area AQMD, http://www.airnow.gov/",01:00,37.7658,-122.3978
2020-04-22 02:00:00,2020-04-22,pm25,San Francisco,3.0,µg/m³,San Francisco-Oakland-Fremont,"US EPA AirNow, San Francisco Bay Area AQMD, http://www.airnow.gov/",02:00,37.7658,-122.3978
2020-04-22 03:00:00,2020-04-22,pm25,San Francisco,6.0,µg/m³,San Francisco-Oakland-Fremont,"US EPA AirNow, San Francisco Bay Area AQMD, http://www.airnow.gov/",03:00,37.7658,-122.3978
2020-04-22 04:00:00,2020-04-22,pm25,San Francisco,7.0,µg/m³,San Francisco-Oakland-Fremont,"US EPA AirNow, San Francisco Bay Area AQMD, http://www.airnow.gov/",04:00,37.7658,-122.3978
2020-04-22 05:00:00,2020-04-22,pm25,San Francisco,6.0,µg/m³,San Francisco-Oakland-Fremont,"US EPA AirNow, San Francisco Bay Area AQMD, http://www.airnow.gov/",05:00,37.7658,-122.3978
2020-04-22 06:00:00,2020-04-22,pm25,San Francisco,12.0,µg/m³,San Francisco-Oakland-Fremont,"US EPA AirNow, San Francisco Bay Area AQMD, http://www.airnow.gov/",06:00,37.7658,-122.3978
2020-04-22 07:00:00,2020-04-22,pm25,San Francisco,13.0,µg/m³,San Francisco-Oakland-Fremont,"US EPA AirNow, San Francisco Bay Area AQMD, http://www.airnow.gov/",07:00,37.7658,-122.3978
2020-04-22 08:00:00,2020-04-22,pm25,San Francisco,7.0,µg/m³,San Francisco-Oakland-Fremont,"US EPA AirNow, San Francisco Bay Area AQMD, http://www.airnow.gov/",08:00,37.7658,-122.3978
2020-04-22 10:00:00,2020-04-22,pm25,San Francisco,12.0,µg/m³,San Francisco-Oakland-Fremont,"US EPA AirNow, San Francisco Bay Area AQMD, http://www.airnow.gov/",10:00,37.7658,-122.3978
2020-04-22 11:00:00,2020-04-22,pm25,San Francisco,8.0,µg/m³,San Francisco-Oakland-Fremont,"US EPA AirNow, San Francisco Bay Area AQMD, http://www.airnow.gov/",11:00,37.7658,-122.3978
2020-04-22 12:00:00,2020-04-22,pm25,San Francisco,9.0,µg/m³,San Francisco-Oakland-Fremont,"US EPA AirNow, San Francisco Bay Area AQMD, http://www.airnow.gov/",12:00,37.7658,-122.3978
2020-04-22 13:00:00,2020-04-22,pm25,San Francisco,6.0,µg/m³,San Francisco-Oakland-Fremont,"US EPA AirNow, San Francisco Bay Area AQMD, http://www.airnow.gov/",13:00,37.7658,-122.3978
2020-04-22 14:00:00,2020-04-22,pm25,San Francisco,4.0,µg/m³,San Francisco-Oakland-Fremont,"US EPA AirNow, San Francisco Bay Area AQMD, http://www.airnow.gov/",14:00,37.7658,-122.3978
2020-04-22 15:00:00,2020-04-22,pm25,San Francisco,6.0,µg/m³,San Francisco-Oakland-Fremont,"US EPA AirNow, San Francisco Bay Area AQMD, http://www.airnow.gov/",15:00,37.7658,-122.3978
2020-04-22 16:00:00,2020-04-22,pm25,San Francisco,5.0,µg/m³,San Francisco-Oakland-Fremont,"US EPA AirNow, San Francisco Bay Area AQMD, http://www.airnow.gov/",16:00,37.7658,-122.3978
2020-04-22 20:00:00,2020-04-22,pm25,San Francisco,2.0,µg/m³,San Francisco-Oakland-Fremont,"US EPA AirNow, San Francisco Bay Area AQMD, http://www.airnow.gov/",20:00,37.7658,-122.3978
2020-04-22 21:00:00,2020-04-22,pm25,San Francisco,2.0,µg/m³,San Francisco-Oakland-Fremont,"US EPA AirNow, San Francisco Bay Area AQMD, http://www.airnow.gov/",21:00,37.7658,-122.3978
2020-04-22 22:00:00,2020-04-22,pm25,San Francisco,3.0,µg/m³,San Francisco-Oakland-Fremont,"US EPA AirNow, San Francisco Bay Area AQMD, http://www.airnow.gov/",22:00,37.7658,-122.3978
2020-04-22 23:00:00,2020-04-22,pm25,San Francisco,1.0,µg/m³,San Francisco-Oakland-Fremont,"US EPA AirNow, San Francisco Bay Area AQMD, http://www.airnow.gov/",23:00,37.7658,-122.3978
2020-04-23 02:00:00,2020-04-23,pm25,San Francisco,2.0,µg/m³,San Francisco-Oakland-Fremont,"US EPA AirNow, San Francisco Bay Area AQMD, http://www.airnow.gov/",02:00,37.7658,-122.3978
2020-04-23 03:00:00,2020-04-23,pm25,San Francisco,1.0,µg/m³,San Francisco-Oakland-Fremont,"US EPA AirNow, San Francisco Bay Area AQMD, http://www.airnow.gov/",03:00,37.7658,-122.3978
2020-04-23 04:00:00,2020-04-23,pm25,San Francisco,1.0,µg/m³,San Francisco-Oakland-Fremont,"US EPA AirNow, San Francisco Bay Area AQMD, http://www.airnow.gov/",04:00,37.7658,-122.3978
2020-04-23 05:00:00,2020-04-23,pm25,San Francisco,2.0,µg/m³,San Francisco-Oakland-Fremont,"US EPA AirNow, San Francisco Bay Area AQMD, http://www.airnow.gov/",05:00,37.7658,-122.3978
2020-04-23 06:00:00,2020-04-23,pm25,San Francisco,1.0,µg/m³,San Francisco-Oakland-Fremont,"US EPA AirNow, San Francisco Bay Area AQMD, http://www.airnow.gov/",06:00,37.7658,-122.3978
2020-04-23 07:00:00,2020-04-23,pm25,San Francisco,2.0,µg/m³,San Francisco-Oakland-Fremont,"US EPA AirNow, San Francisco Bay Area AQMD, http://www.airnow.gov/",07:00,37.7658,-122.3978
2020-04-23 08:00:00,2020-04-23,pm25,San Francisco,3.0,µg/m³,San Francisco-Oakland-Fremont,"US EPA AirNow, San Francisco Bay Area AQMD, http://www.airnow.gov/",08:00,37.7658,-122.3978
2020-04-23 09:00:00,2020-04-23,pm25,San Francisco,2.0,µg/m³,San Francisco-Oakland-Fremont,"US EPA AirNow, San Francisco Bay Area AQMD, http://www.airnow.gov/",09:00,37.7658,-122.3978
2020-04-23 10:00:00,2020-04-23,pm25,San Francisco,5.0,µg/m³,San Francisco-Oakland-Fremont,"US EPA AirNow, San Francisco Bay Area AQMD, http://www.airnow.gov/",10:00,37.7658,-122.3978
2020-04-23 11:00:00,2020-04-23,pm25,San Francisco,4.0,µg/m³,San Francisco-Oakland-Fremont,"US EPA AirNow, San Francisco Bay Area AQMD, http://www.airnow.gov/",11:00,37.7658,-122.3978
2020-04-23 12:00:00,2020-04-23,pm25,San Francisco,5.0,µg/m³,San Francisco-Oakland-Fremont,"US EPA AirNow, San Francisco Bay Area AQMD, http://www.airnow.gov/",12:00,37.7658,-122.3978
2020-04-23 13:00:00,2020-04-23,pm25,San Francisco,6.0,µg/m³,San Francisco-Oakland-Fremont,"US EPA AirNow, San Francisco Bay Area AQMD, http://www.airnow.gov/",13:00,37.7658,-122.3978
2020-04-23 14:00:00,2020-04-23,pm25,San Francisco,5.0,µg/m³,San Francisco-Oakland-Fremont,"US EPA AirNow, San Francisco Bay Area AQMD, http://www.airnow.gov/",14:00,37.7658,-122.3978
2020-04-23 15:00:00,2020-04-23,pm25,San Francisco,4.0,µg/m³,San Francisco-Oakland-Fremont,"US EPA AirNow, San Francisco Bay Area AQMD, http://www.airnow.gov/",15:00,37.7658,-122.3978
2020-04-23 16:00:00,2020-04-23,pm25,San Francisco,3.0,µg/m³,San Francisco-Oakland-Fremont,"US EPA AirNow, San Francisco Bay Area AQMD, http://www.airnow.gov/",16:00,37.7658,-122.3978
2020-04-23 17:00:00,2020-04-23,pm25,San Francisco,6.0,µg/m³,San Francisco-Oakland-Fremont,"US EPA AirNow, San Francisco Bay Area AQMD, http://www.airnow.gov/",17:00,37.7658,-122.3978
2020-04-23 18:00:00,2020-04-23,pm25,San Francisco,6.0,µg/m³,San Francisco-Oakland-Fremont,"US EPA AirNow, San Francisco Bay Area AQMD, http://www.airnow.gov/",18:00,37.7658,-122.3978
2020-04-23 19:00:00,2020-04-23,pm25,San Francisco,10.0,µg/m³,San Francisco-Oakland-Fremont,"US EPA AirNow, San Francisco Bay Area AQMD, http://www.airnow.gov/",19:00,37.7658,-122.3978
2020-04-23 20:00:00,2020-04-23,pm25,San Francisco,9.0,µg/m³,San Francisco-Oakland-Fremont,"US EPA AirNow, San Francisco Bay Area AQMD, http://www.airnow.gov/",20:00,37.7658,-122.3978
2020-04-23 21:00:00,2020-04-23,pm25,San Francisco,9.0,µg/m³,San Francisco-Oakland-Fremont,"US EPA AirNow, San Francisco Bay Area AQMD, http://www.airnow.gov/",21:00,37.7658,-122.3978
2020-04-23 22:00:00,2020-04-23,pm25,San Francisco,9.0,µg/m³,San Francisco-Oakland-Fremont,"US EPA AirNow, San Francisco Bay Area AQMD, http://www.airnow.gov/",22:00,37.7658,-122.3978
2020-04-23 23:00:00,2020-04-23,pm25,San Francisco,6.0,µg/m³,San Francisco-Oakland-Fremont,"US EPA AirNow, San Francisco Bay Area AQMD, http://www.airnow.gov/",23:00,37.7658,-122.3978
2020-04-24 00:00:00,2020-04-24,pm25,San Francisco,9.0,µg/m³,San Francisco-Oakland-Fremont,"US EPA AirNow, San Francisco Bay Area AQMD, http://www.airnow.gov/",00:00,37.7658,-122.3978
2020-04-24 01:00:00,2020-04-24,pm25,San Francisco,10.0,µg/m³,San Francisco-Oakland-Fremont,"US EPA AirNow, San Francisco Bay Area AQMD, http://www.airnow.gov/",01:00,37.7658,-122.3978
2020-04-24 02:00:00,2020-04-24,pm25,San Francisco,12.0,µg/m³,San Francisco-Oakland-Fremont,"US EPA AirNow, San Francisco Bay Area AQMD, http://www.airnow.gov/",02:00,37.7658,-122.3978
2020-04-25 10:00:00,2020-04-25,pm25,San Francisco,7.0,µg/m³,San Francisco-Oakland-Fremont,"US EPA AirNow, San Francisco Bay Area AQMD, http://www.airnow.gov/",10:00,37.7658,-122.3978
2020-04-25 12:00:00,2020-04-25,pm25,San Francisco,7.0,µg/m³,San Francisco-Oakland-Fremont,"US EPA AirNow, San Francisco Bay Area AQMD, http://www.airnow.gov/",12:00,37.7658,-122.3978
2020-04-25 13:00:00,2020-04-25,pm25,San Francisco,6.0,µg/m³,San Francisco-Oakland-Fremont,"US EPA AirNow, San Francisco Bay Area AQMD, http://www.airnow.gov/",13:00,37.7658,-122.3978
2020-04-25 14:00:00,2020-04-25,pm25,San Francisco,4.0,µg/m³,San Francisco-Oakland-Fremont,"US EPA AirNow, San Francisco Bay Area AQMD, http://www.airnow.gov/",14:00,37.7658,-122.3978
2020-04-25 15:00:00,2020-04-25,pm25,San Francisco,4.0,µg/m³,San Francisco-Oakland-Fremont,"US EPA AirNow, San Francisco Bay Area AQMD, http://www.airnow.gov/",15:00,37.7658,-122.3978
2020-04-25 16:00:00,2020-04-25,pm25,San Francisco,5.0,µg/m³,San Francisco-Oakland-Fremont,"US EPA AirNow, San Francisco Bay Area AQMD, http://www.airnow.gov/",16:00,37.7658,-122.3978
2020-04-25 17:00:00,2020-04-25,pm25,San Francisco,3.0,µg/m³,San Francisco-Oakland-Fremont,"US EPA AirNow, San Francisco Bay Area AQMD, http://www.airnow.gov/",17:00,37.7658,-122.3978
2020-04-25 18:00:00,2020-04-25,pm25,San Francisco,7.0,µg/m³,San Francisco-Oakland-Fremont,"US EPA AirNow, San Francisco Bay Area AQMD, http://www.airnow.gov/",18:00,37.7658,-122.3978
2020-04-25 19:00:00,2020-04-25,pm25,San Francisco,7.0,µg/m³,San Francisco-Oakland-Fremont,"US EPA AirNow, San Francisco Bay Area AQMD, http://www.airnow.gov/",19:00,37.7658,-122.3978
2020-04-25 20:00:00,2020-04-25,pm25,San Francisco,7.0,µg/m³,San Francisco-Oakland-Fremont,"US EPA AirNow, San Francisco Bay Area AQMD, http://www.airnow.gov/",20:00,37.7658,-122.3978
2020-04-25 22:00:00,2020-04-25,pm25,San Francisco,4.0,µg/m³,San Francisco-Oakland-Fremont,"US EPA AirNow, San Francisco Bay Area AQMD, http://www.airnow.gov/",22:00,37.7658,-122.3978
2020-04-25 23:00:00,2020-04-25,pm25,San Francisco,4.0,µg/m³,San Francisco-Oakland-Fremont,"US EPA AirNow, San Francisco Bay Area AQMD, http://www.airnow.gov/",23:00,37.7658,-122.3978
2020-04-26 00:00:00,2020-04-26,pm25,San Francisco,2.0,µg/m³,San Francisco-Oakland-Fremont,"US EPA AirNow, San Francisco Bay Area AQMD, http://www.airnow.gov/",00:00,37.7658,-122.3978
2020-04-26 04:00:00,2020-04-26,pm25,San Francisco,2.0,µg/m³,San Francisco-Oakland-Fremont,"US EPA AirNow, San Francisco Bay Area AQMD, http://www.airnow.gov/",04:00,37.7658,-122.3978
2020-04-26 05:00:00,2020-04-26,pm25,San Francisco,2.0,µg/m³,San Francisco-Oakland-Fremont,"US EPA AirNow, San Francisco Bay Area AQMD, http://www.airnow.gov/",05:00,37.7658,-122.3978
2020-04-26 07:00:00,2020-04-26,pm25,San Francisco,2.0,µg/m³,San Francisco-Oakland-Fremont,"US EPA AirNow, San Francisco Bay Area AQMD, http://www.airnow.gov/",07:00,37.7658,-122.3978
2020-04-26 08:00:00,2020-04-26,pm25,San Francisco,4.0,µg/m³,San Francisco-Oakland-Fremont,"US EPA AirNow, San Francisco Bay Area AQMD, http://www.airnow.gov/",08:00,37.7658,-122.3978
2020-04-26 11:00:00,2020-04-26,pm25,San Francisco,0.0,µg/m³,San Francisco-Oakland-Fremont,"US EPA AirNow, San Francisco Bay Area AQMD, http://www.airnow.gov/",11:00,37.7658,-122.3978
2020-04-26 12:00:00,2020-04-26,pm25,San Francisco,0.0,µg/m³,San Francisco-Oakland-Fremont,"US EPA AirNow, San Francisco Bay Area AQMD, http://www.airnow.gov/",12:00,37.7658,-122.3978
2020-04-26 13:00:00,2020-04-26,pm25,San Francisco,5.0,µg/m³,San Francisco-Oakland-Fremont,"US EPA AirNow, San Francisco Bay Area AQMD, http://www.airnow.gov/",13:00,37.7658,-122.3978
2020-04-26 14:00:00,2020-04-26,pm25,San Francisco,10.0,µg/m³,San Francisco-Oakland-Fremont,"US EPA AirNow, San Francisco Bay Area AQMD, http://www.airnow.gov/",14:00,37.7658,-122.3978
2020-04-26 16:00:00,2020-04-26,pm25,San Francisco,11.0,µg/m³,San Francisco-Oakland-Fremont,"US EPA AirNow, San Francisco Bay Area AQMD, http://www.airnow.gov/",16:00,37.7658,-122.3978
2020-04-26 20:00:00,2020-04-26,pm25,San Francisco,10.0,µg/m³,San Francisco-Oakland-Fremont,"US EPA AirNow, San Francisco Bay Area AQMD, http://www.airnow.gov/",20:00,37.7658,-122.3978
2020-04-26 21:00:00,2020-04-26,pm25,San Francisco,8.0,µg/m³,San Francisco-Oakland-Fremont,"US EPA AirNow, San Francisco Bay Area AQMD, http://www.airnow.gov/",21:00,37.7658,-122.3978
2020-04-26 22:00:00,2020-04-26,pm25,San Francisco,10.0,µg/m³,San Francisco-Oakland-Fremont,"US EPA AirNow, San Francisco Bay Area AQMD, http://www.airnow.gov/",22:00,37.7658,-122.3978
2020-04-27 00:00:00,2020-04-27,pm25,San Francisco,10.0,µg/m³,San Francisco-Oakland-Fremont,"US EPA AirNow, San Francisco Bay Area AQMD, http://www.airnow.gov/",00:00,37.7658,-122.3978
2020-04-27 03:00:00,2020-04-27,pm25,San Francisco,7.0,µg/m³,San Francisco-Oakland-Fremont,"US EPA AirNow, San Francisco Bay Area AQMD, http://www.airnow.gov/",03:00,37.7658,-122.3978
2020-04-27 04:00:00,2020-04-27,pm25,San Francisco,7.0,µg/m³,San Francisco-Oakland-Fremont,"US EPA AirNow, San Francisco Bay Area AQMD, http://www.airnow.gov/",04:00,37.7658,-122.3978
2020-04-27 06:00:00,2020-04-27,pm25,San Francisco,8.0,µg/m³,San Francisco-Oakland-Fremont,"US EPA AirNow, San Francisco Bay Area AQMD, http://www.airnow.gov/",06:00,37.7658,-122.3978
2020-04-27 07:00:00,2020-04-27,pm25,San Francisco,9.0,µg/m³,San Francisco-Oakland-Fremont,"US EPA AirNow, San Francisco Bay Area AQMD, http://www.airnow.gov/",07:00,37.7658,-122.3978
2020-04-27 08:00:00,2020-04-27,pm25,San Francisco,12.0,µg/m³,San Francisco-Oakland-Fremont,"US EPA AirNow, San Francisco Bay Area AQMD, http://www.airnow.gov/",08:00,37.7658,-122.3978
2020-04-27 09:00:00,2020-04-27,pm25,San Francisco,7.0,µg/m³,San Francisco-Oakland-Fremont,"US EPA AirNow, San Francisco Bay Area AQMD, http://www.airnow.gov/",09:00,37.7658,-122.3978
2020-04-27 10:00:00,2020-04-27,pm25,San Francisco,9.0,µg/m³,San Francisco-Oakland-Fremont,"US EPA AirNow, San Francisco Bay Area AQMD, http://www.airnow.gov/",10:00,37.7658,-122.3978
2020-04-27 11:00:00,2020-04-27,pm25,San Francisco,7.0,µg/m³,San Francisco-Oakland-Fremont,"US EPA AirNow, San Francisco Bay Area AQMD, http://www.airnow.gov/",11:00,37.7658,-122.3978
2020-04-27 12:00:00,2020-04-27,pm25,San Francisco,7.0,µg/m³,San Francisco-Oakland-Fremont,"US EPA AirNow, San Francisco Bay Area AQMD, http://www.airnow.gov/",12:00,37.7658,-122.3978
2020-04-27 13:00:00,2020-04-27,pm25,San Francisco,5.0,µg/m³,San Francisco-Oakland-Fremont,"US EPA AirNow, San Francisco Bay Area AQMD, http://www.airnow.gov/",13:00,37.7658,-122.3978
2020-04-27 14:00:00,2020-04-27,pm25,San Francisco,4.0,µg/m³,San Francisco-Oakland-Fremont,"US EPA AirNow, San Francisco Bay Area AQMD, http://www.airnow.gov/",14:00,37.7658,-122.3978
2020-04-27 15:00:00,2020-04-27,pm25,San Francisco,1.0,µg/m³,San Francisco-Oakland-Fremont,"US EPA AirNow, San Francisco Bay Area AQMD, http://www.airnow.gov/",15:00,37.7658,-122.3978
2020-04-27 16:00:00,2020-04-27,pm25,San Francisco,2.0,µg/m³,San Francisco-Oakland-Fremont,"US EPA AirNow, San Francisco Bay Area AQMD, http://www.airnow.gov/",16:00,37.7658,-122.3978
2020-04-27 17:00:00,2020-04-27,pm25,San Francisco,4.0,µg/m³,San Francisco-Oakland-Fremont,"US EPA AirNow, San Francisco Bay Area AQMD, http://www.airnow.gov/",17:00,37.7658,-122.3978
2020-04-27 18:00:00,2020-04-27,pm25,San Francisco,3.0,µg/m³,San Francisco-Oakland-Fremont,"US EPA AirNow, San Francisco Bay Area AQMD, http://www.airnow.gov/",18:00,37.7658,-122.3978
2020-04-27 19:00:00,2020-04-27,pm25,San Francisco,3.0,µg/m³,San Francisco-Oakland-Fremont,"US EPA AirNow, San Francisco Bay Area AQMD, http://www.airnow.gov/",19:00,37.7658,-122.3978
2020-04-27 20:00:00,2020-04-27,pm25,San Francisco,4.0,µg/m³,San Francisco-Oakland-Fremont,"US EPA AirNow, San Francisco Bay Area AQMD, http://www.airnow.gov/",20:00,37.7658,-122.3978
2020-04-27 22:00:00,2020-04-27,pm25,San Francisco,5.0,µg/m³,San Francisco-Oakland-Fremont,"US EPA AirNow, San Francisco Bay Area AQMD, http://www.airnow.gov/",22:00,37.7658,-122.3978
2020-04-27 23:00:00,2020-04-27,pm25,San Francisco,4.0,µg/m³,San Francisco-Oakland-Fremont,"US EPA AirNow, San Francisco Bay Area AQMD, http://www.airnow.gov/",23:00,37.7658,-122.3978
2020-04-28 01:00:00,2020-04-28,pm25,San Francisco,2.0,µg/m³,San Francisco-Oakland-Fremont,"US EPA AirNow, San Francisco Bay Area AQMD, http://www.airnow.gov/",01:00,37.7658,-122.3978
2020-04-28 02:00:00,2020-04-28,pm25,San Francisco,2.0,µg/m³,San Francisco-Oakland-Fremont,"US EPA AirNow, San Francisco Bay Area AQMD, http://www.airnow.gov/",02:00,37.7658,-122.3978
2020-04-28 03:00:00,2020-04-28,pm25,San Francisco,2.0,µg/m³,San Francisco-Oakland-Fremont,"US EPA AirNow, San Francisco Bay Area AQMD, http://www.airnow.gov/",03:00,37.7658,-122.3978
2020-04-28 04:00:00,2020-04-28,pm25,San Francisco,0.0,µg/m³,San Francisco-Oakland-Fremont,"US EPA AirNow, San Francisco Bay Area AQMD, http://www.airnow.gov/",04:00,37.7658,-122.3978
2020-04-28 05:00:00,2020-04-28,pm25,San Francisco,4.0,µg/m³,San Francisco-Oakland-Fremont,"US EPA AirNow, San Francisco Bay Area AQMD, http://www.airnow.gov/",05:00,37.7658,-122.3978
2020-04-28 06:00:00,2020-04-28,pm25,San Francisco,4.0,µg/m³,San Francisco-Oakland-Fremont,"US EPA AirNow, San Francisco Bay Area AQMD, http://www.airnow.gov/",06:00,37.7658,-122.3978
2020-04-28 07:00:00,2020-04-28,pm25,San Francisco,3.0,µg/m³,San Francisco-Oakland-Fremont,"US EPA AirNow, San Francisco Bay Area AQMD, http://www.airnow.gov/",07:00,37.7658,-122.3978
2020-04-28 08:00:00,2020-04-28,pm25,San Francisco,8.0,µg/m³,San Francisco-Oakland-Fremont,"US EPA AirNow, San Francisco Bay Area AQMD, http://www.airnow.gov/",08:00,37.7658,-122.3978
2020-04-28 09:00:00,2020-04-28,pm25,San Francisco,11.0,µg/m³,San Francisco-Oakland-Fremont,"US EPA AirNow, San Francisco Bay Area AQMD, http://www.airnow.gov/",09:00,37.7658,-122.3978
2020-04-28 10:00:00,2020-04-28,pm25,San Francisco,8.0,µg/m³,San Francisco-Oakland-Fremont,"US EPA AirNow, San Francisco Bay Area AQMD, http://www.airnow.gov/",10:00,37.7658,-122.3978
2020-04-28 11:00:00,2020-04-28,pm25,San Francisco,5.0,µg/m³,San Francisco-Oakland-Fremont,"US EPA AirNow, San Francisco Bay Area AQMD, http://www.airnow.gov/",11:00,37.7658,-122.3978
2020-04-28 13:00:00,2020-04-28,pm25,San Francisco,5.0,µg/m³,San Francisco-Oakland-Fremont,"US EPA AirNow, San Francisco Bay Area AQMD, http://www.airnow.gov/",13:00,37.7658,-122.3978
2020-04-28 14:00:00,2020-04-28,pm25,San Francisco,4.0,µg/m³,San Francisco-Oakland-Fremont,"US EPA AirNow, San Francisco Bay Area AQMD, http://www.airnow.gov/",14:00,37.7658,-122.3978
2020-04-28 15:00:00,2020-04-28,pm25,San Francisco,3.0,µg/m³,San Francisco-Oakland-Fremont,"US EPA AirNow, San Francisco Bay Area AQMD, http://www.airnow.gov/",15:00,37.7658,-122.3978
2020-04-28 16:00:00,2020-04-28,pm25,San Francisco,3.0,µg/m³,San Francisco-Oakland-Fremont,"US EPA AirNow, San Francisco Bay Area AQMD, http://www.airnow.gov/",16:00,37.7658,-122.3978
2020-04-28 17:00:00,2020-04-28,pm25,San Francisco,3.0,µg/m³,San Francisco-Oakland-Fremont,"US EPA AirNow, San Francisco Bay Area AQMD, http://www.airnow.gov/",17:00,37.7658,-122.3978
2020-04-28 18:00:00,2020-04-28,pm25,San Francisco,1.0,µg/m³,San Francisco-Oakland-Fremont,"US EPA AirNow, San Francisco Bay Area AQMD, http://www.airnow.gov/",18:00,37.7658,-122.3978
2020-04-28 19:00:00,2020-04-28,pm25,San Francisco,1.0,µg/m³,San Francisco-Oakland-Fremont,"US EPA AirNow, San Francisco Bay Area AQMD, http://www.airnow.gov/",19:00,37.7658,-122.3978
2020-04-28 20:00:00,2020-04-28,pm25,San Francisco,2.0,µg/m³,San Francisco-Oakland-Fremont,"US EPA AirNow, San Francisco Bay Area AQMD, http://www.airnow.gov/",20:00,37.7658,-122.3978
2020-04-28 22:00:00,2020-04-28,pm25,San Francisco,2.0,µg/m³,San Francisco-Oakland-Fremont,"US EPA AirNow, San Francisco Bay Area AQMD, http://www.airnow.gov/",22:00,37.7658,-122.3978
2020-04-28 23:00:00,2020-04-28,pm25,San Francisco,4.0,µg/m³,San Francisco-Oakland-Fremont,"US EPA AirNow, San Francisco Bay Area AQMD, http://www.airnow.gov/",23:00,37.7658,-122.3978
2020-04-29 00:00:00,2020-04-29,pm25,San Francisco,3.0,µg/m³,San Francisco-Oakland-Fremont,"US EPA AirNow, San Francisco Bay Area AQMD, http://www.airnow.gov/",00:00,37.7658,-122.3978
2020-04-29 09:00:00,2020-04-29,pm25,San Francisco,0.0,µg/m³,San Francisco-Oakland-Fremont,"US EPA AirNow, San Francisco Bay Area AQMD, http://www.airnow.gov/",09:00,37.7658,-122.3978
2020-04-29 10:00:00,2020-04-29,pm25,San Francisco,1.0,µg/m³,San Francisco-Oakland-Fremont,"US EPA AirNow, San Francisco Bay Area AQMD, http://www.airnow.gov/",10:00,37.7658,-122.3978
2020-04-29 11:00:00,2020-04-29,pm25,San Francisco,4.0,µg/m³,San Francisco-Oakland-Fremont,"US EPA AirNow, San Francisco Bay Area AQMD, http://www.airnow.gov/",11:00,37.7658,-122.3978
2020-04-29 12:00:00,2020-04-29,pm25,San Francisco,6.0,µg/m³,San Francisco-Oakland-Fremont,"US EPA AirNow, San Francisco Bay Area AQMD, http://www.airnow.gov/",12:00,37.7658,-122.3978
2020-04-29 13:00:00,2020-04-29,pm25,San Francisco,4.0,µg/m³,San Francisco-Oakland-Fremont,"US EPA AirNow, San Francisco Bay Area AQMD, http://www.airnow.gov/",13:00,37.7658,-122.3978
